{
    "loss": 7.817732334136963,
    "accuracy": 0.5467625856399536
}